{
  "properties": {
    "project_name": {
      "title": "Project Name",
      "type": "string"
    },
    "epochs": {
      "default": 3,
      "description": "Number of epochs to train",
      "title": "Epochs",
      "type": "integer"
    },
    "learning_rate": {
      "default": 0.001,
      "description": "Learning rate for optimizer",
      "title": "Learning Rate",
      "type": "number"
    },
    "resize": {
      "anyOf": [
        {
          "type": "integer"
        },
        {
          "type": "null"
        }
      ],
      "default": null,
      "description": "Resize image to specified size. If None, will drop unless needed",
      "title": "Resize"
    },
    "batch_size": {
      "default": 128,
      "description": "Batch size for training",
      "title": "Batch Size",
      "type": "integer"
    },
    "num_workers": {
      "default": 8,
      "description": "Number of workers for DataLoader",
      "title": "Num Workers",
      "type": "integer"
    },
    "log_interval": {
      "default": 5,
      "description": "Interval for logging",
      "title": "Log Interval",
      "type": "integer"
    },
    "max_steps_per_epoch": {
      "default": 20,
      "description": "Max steps per epoch",
      "title": "Max Steps Per Epoch",
      "type": "integer"
    },
    "models": {
      "default": [
        "resnet18",
        "vgg16"
      ],
      "description": "List of model names",
      "enum": [
        "resnet18",
        "vgg16"
      ],
      "title": "Models",
      "type": "string"
    }
  },
  "required": [
    "project_name"
  ],
  "title": "Example_functionConfig",
  "type": "object"
}