{
    "name": "Recipe Classification",
    "dockerFile": "../Dockerfile",
    "context": "..",
    
    // Set environment variables
    "remoteEnv": {
        "RECIPE_DIR": "/opt/recipe",
        "PATH": "${containerWorkspaceFolder}/.venv/bin:${containerEnv:PATH}"
    },
    
    // Configure VSCode settings
    "customizations": {
        "vscode": {
            "extensions": [
                "ms-python.python",
                "ms-python.vscode-pylance",
                "ms-python.mypy-type-checker",
                "njpwerner.autodocstring",
                "charliermarsh.ruff",
                "streetsidesoftware.code-spell-checker"
            ]
            //"settings": {
            //    "python.defaultInterpreterPath": "/opt/recipe/.venv/bin/python",
            //}
        }
    },
    
    // Mount your local .venv folder to preserve it between container runs
    "mounts": [
        "source=${localWorkspaceFolder}/.venv,target=/opt/recipe/.venv,type=bind,consistency=cached"
    ],
    
    "containerEnv": {
        "DISPLAY": "dummy",
        "PYTHONUNBUFFERED": "True",
        "UV_LINK_MODE": "copy",
        "UV_PROJECT_ENVIRONMENT": "/home/vscode/.venv"
    },

    // Set the working directory
    "workspaceFolder": "/opt/recipe",
    
    // Use 'postCreateCommand' to run commands after the container is created
    "postCreateCommand": "uv sync",
    
    // Comment out the next line to run as root instead
    // "remoteUser": "vscode",
    
    // For NVIDIA GPU support (uncomment if using GPU)
    "runArgs": ["--gpus=all"]
}